<?xml version="1.0" encoding="UTF-8"?>
<!DOCTYPE html>

<Configuration>
  <Appenders>
    <!-- Console Appender -->
    <Console name="Console" target="SYSTEM_OUT">
      <PatternLayout pattern="%d{yyyy-MMM-dd HH:mm:ss a} [%t] %-5level %logger{36} - %msg%n" />
    </Console>
  </Appenders>
  <Loggers>
    <!-- Log SQL statements -->
    <Logger name="org.hibernate.SQL" level="debug" additivity="false">
      <AppenderRef ref="Console" />
    </Logger>
    <!-- Log cache -->
    <Logger name="org.hibernate.cache" level="debug" additivity="false">
      <AppenderRef ref="Console" />
    </Logger>
    <Logger name="org.ehcache" level="debug" additivity="false">
      <AppenderRef ref="Console" />
    </Logger>
    <Root level="error">
      <AppenderRef ref="Console" />
    </Root>
  </Loggers>
</Configuration>

